x1,x2,y
1.764052345967664,0.555962679709798,26.201514011528904
0.4001572083672233,0.8924738873315303,10.197081488318403
0.9787379841057392,-0.4223148241252707,5.546415216225448
2.240893199201458,0.10471402943328433,30.26797265829504
1.8675579901499675,0.2280533251240672,26.382903428229582
-0.977277879876411,0.20147994670443287,-3.8827429997464753
0.9500884175255894,0.5407735853003902,14.296454173230995
-0.1513572082976979,-1.8180776303835695,-11.15399195036148
-0.10321885179355784,-0.04932407014757259,0.28773298506514
0.41059850193837233,0.2390336012467649,7.700123411928685
0.144043571160878,-1.0003303489537054,-5.476938083512902
1.454273506962975,1.67398570701071,40.08419753593916
0.7610377251469934,0.16155926723816796,10.104203477461644
0.12167501649282841,1.5634047450289295,21.613498972672286
0.44386323274542566,-0.7905230218330772,-2.319241363869991
0.33367432737426683,-0.907300121525327,-5.66230449841361
1.4940790731576061,0.2242522209656819,21.3620387001951
-0.20515826376580087,-1.6786883628286566,-9.247613404054725
0.31306770165090136,0.21496559062609352,-1.5864968214670379
-0.8540957393017248,0.09721923200291803,-1.7735203301049294
-2.5529898158340787,1.0156652815421012,3.8730301686884334
0.6536185954403606,0.7010413411650971,15.39282243422848
0.8644361988595057,-0.417477349885034,3.8541718803425202
-0.7421650204064419,-1.0974966547702447,-6.99492985290334
2.2697546239876076,1.7123052213432965,60.19506882665362
-1.4543656745987648,-0.79211502056515,-9.178342676938616
0.04575851730144607,-1.0455245570694658,-7.287277304160773
-0.1871838500258336,-1.0848560594614451,-6.0893051069666875
1.5327792143584575,1.1173053155366646,33.80783899971696
1.469358769900285,-0.5189002044248521,10.8773985259371
0.1549474256969163,-0.7537044661806008,-3.2370033594007515
0.37816251960217356,0.13768982590334733,4.878140716589538
-0.8877857476301128,-0.20694471055729102,-5.271269483391712
-1.980796468223927,-0.6780954607862469,-1.8596852466859275
-0.3479121493261526,0.7539914669784796,8.43625549344021
0.15634896910398005,1.0653154920979948,14.585185819014875
1.2302906807277207,0.9853175089398669,25.81497460429901
1.2023798487844113,0.766919669661199,25.670498930072327
-0.3873268174079523,0.4026255311300352,3.7409666689041043
-0.30230275057533557,-1.775887999961829,-9.005888032589748
-1.0485529650670926,1.6692508063769687,10.621824046330232
-1.4200179371789752,0.30198921035755294,-1.566791259428554
-1.7062701906250126,0.6081564276006415,-0.5594038315645087
1.9507753952317897,1.1149623229474022,41.625002193582745
-0.5096521817516535,1.4333525028819918,13.239933485772589
-0.4380743016111864,0.4183980113091925,1.4586430464174682
-1.2527953600499262,0.4355461592956536,-1.8034131570111571
0.7774903558319101,-0.5992242774597194,4.1951525277443
-1.6138978475579515,0.0330897511387602,-6.682358012280637
-0.2127402802139687,-0.8541612608143545,-5.757879035192128
-0.8954665611936756,-0.7199405321418947,-11.731122089370173
0.386902497859262,-0.8935744023141913,-3.2140771454313395
-0.510805137568873,-0.15602389099728736,-5.762811449491515
-1.180632184122412,1.0490931879200103,6.83970465072169
-0.028182228338654868,3.1709747732901796,48.44821687869007
0.42833187053041766,0.18949963754791346,5.983794856207101
0.06651722238316789,-1.34841308775612,-10.2363319376172
0.3024718977397814,1.264983329856256,16.433090196066583
-0.6343220936809636,-0.3007838764760271,-4.963251604394287
-0.3627411659871381,-0.660608593976992,-5.570714901225969
-0.672460447775951,0.2098494779230553,4.202066470862444
-0.3595531615405413,-1.2406245995562275,-8.878501664502549
-0.813146282044454,0.22246316400860677,-0.016970290217157125
-1.7262826023316769,-0.08837552319915497,-6.732328198250803
0.17742614225375283,0.09837790681547566,-0.3836934076101013
-0.4017809362082619,0.38141625420917086,0.3780391058564545
-1.6301983469660446,0.0674922572408068,-5.437114676318732
0.4627822555257742,0.016338084112892493,7.017475117536218
-0.9072983643832422,0.2843145189979445,-2.497371003912754
0.05194539579613895,0.41540062617112683,7.262953815660218
0.7290905621775369,-1.0314824603152577,1.0123997622867642
0.12898291075741067,-1.4299912586854484,-8.110710609269882
1.1394006845433007,-0.061638052172214755,12.186501210954972
-1.2348258203536526,-1.432735489934108,-9.432395157079322
0.402341641177549,0.08753147092167086,5.252443744057332
-0.6848100909403132,0.9387468756823101,6.505394256675505
-0.8707971491818818,0.6071116719160459,1.0758157143313718
-0.5788496647644155,-1.0481704068254731,-8.059551967957688
-0.31155253212737266,-0.8602624519575188,-4.168505437450962
0.05616534222974544,0.3283012950007554,5.035806936814963
-1.1651498407833565,-0.40129780513351004,-5.786183445645406
0.9008264869541871,-0.31665529505210693,5.769930071826049
0.46566243973045984,0.5969064812479539,8.525482236544114
-1.5362436862772237,-0.9872866934576524,-9.630849879433704
1.4882521937955997,-0.40123470991118243,13.225751517711823
1.8958891760305832,-0.8000824760846013,12.361415527122379
1.1787795711596507,-1.0431294980353556,1.2161989646489673
-0.17992483581235091,-0.8570781886711647,-4.535450680630666
-1.0707526215105425,0.6774621693464117,5.337005291271947
1.0544517269311366,0.05182038948242156,7.965893677440669
-0.40317694697317963,-0.8791606288350748,-4.738968792960064
1.2224450703824274,-0.23110160759299653,10.079238157100914
0.2082749780768603,-1.6388073071221778,-8.50248202431761
0.9766390364837128,-0.7333128075836657,2.5144376684521563
0.3563663971744019,2.149574534867287,35.15622850197938
0.7065731681919482,-0.0902438496657506,2.3049614375606033
0.010500020720820478,0.7316589270303925,8.657102901130271
1.7858704939058352,-0.06548837514448298,19.364627890104284
0.12691209270361992,0.34816923524180865,5.5426222679448465
0.40198936344470165,0.663258089679174,13.766695354368704
1.8831506970562544,-1.1046165975264708,12.158477116138823
-1.3477590611424464,-0.030936257273958937,-3.4297627647005795
-1.2704849984857336,1.5788651944164882,11.951673226960336
0.9693967081580112,-0.795500550053291,0.5696059617993265
-1.17312340511416,-0.5664398537322193,-4.187172332942762
1.9436211856492926,-0.30769127736700175,24.57533051135378
-0.41361898075974735,0.26902407317624666,1.3648934992389306
-0.7474548114407578,0.5249178636458827,1.081086803743224
1.9229420264803847,1.2674116548186567,43.12361243697952
1.4805147914344243,0.49949823346865946,22.159905354297138
1.8675589604265699,-0.06205312579833403,26.175362606531383
0.9060446582753853,1.2591671296108138,28.419124652155478
-0.8612256850547025,0.7041110221415822,2.1849731363116733
1.9100649530990337,-1.4956795162570162,6.45494672176984
-0.2680033709513804,2.5263682403559984,26.823666809649357
0.8024563957963952,1.7699213881967337,30.417255662103543
0.947251967773748,-0.1682142227670741,7.28536339131102
-0.1550100930908342,0.37791010173847506,5.3580550496676
0.6140793703460803,1.3243587499958391,21.180127315524086
0.9222066715665268,-0.17220079269688263,8.208362700882834
0.37642553115562943,0.7303517903770194,13.856268892956942
-1.0994007905841945,1.1045784735714765,6.139957971118938
0.298238174206056,-1.014825907734441,-5.609400067785357
1.3263858966870303,-0.6023318535828621,5.651844579122811
-0.6945678597313655,0.9214083978105813,2.891049034582357
-0.14963454032767076,0.4608144771488305,4.2860517076255435
-0.43515355172163744,0.9237965603139469,6.337168416218141
1.8492637284793418,-0.13256801465371804,21.800967730093664
0.6722947570124355,-0.289005210954233,3.1448563377954795
0.40746183624111043,-1.9986394755833727,-6.948777998556332
-0.7699160744453164,-1.1460004265074433,-11.103196642986216
0.5392491912918173,0.04706609465849369,4.454738116225985
-0.6743326606573761,0.8245572195642364,8.10496190963556
0.03183055827435118,0.5311783665356953,4.005002805341581
-0.635846078378881,-0.12824197402770202,-4.759374149989077
0.6764332949464997,-0.27177156649069667,2.2630504661060913
0.5765908166149409,0.21717963263828013,8.222467593413535
-0.20829875557799488,0.07821118109215218,1.4004104947016662
0.3960067126616453,1.404545514939712,19.94491244672034
-1.0930615087305058,0.14644077047824985,-3.8891896639347348
-1.4912575927056055,-1.4812459621972984,-8.85041461928055
0.4393917012645369,-1.272558135032317,-4.617913091814641
0.16667349537252904,1.5187593369635801,18.5596317593095
0.6350314368921064,-1.1711604614500803,-4.38156301762854
2.383144774863942,0.7644974530335336,40.66896874478413
0.9444794869904138,-0.2683727352093812,3.7457390405575106
-0.9128222254441586,-0.16975829390248548,-5.275180445522872
1.117016288095853,-0.1341327827684201,11.88714968236225
-1.3159074105115212,1.2213849594591983,7.335204667180222
-0.461584604814709,-0.19284182854396467,-6.272622981614607
-0.06824160532463124,-0.03331928284515295,-3.5573385771249626
1.7133427216493666,-1.5308034973994926,6.813294240444449
-0.7447548220484399,0.2066905117080033,-5.217122773851684
-0.8264385386590144,0.5310425069780597,2.861432705735307
-0.0984525244254323,0.23914558065378702,1.6873058821550064
-0.6634782863621074,1.3978962610867354,8.095968618084648
1.126635922106507,0.05517135478023174,10.389415250136189
-1.0799315083634233,0.2989774561190176,-3.2855652154384964
-1.1474686524111024,1.648504010268179,10.859841023314557
-0.43782004474443403,-1.5500141893581478,-13.257332321235523
-0.4980324506923049,-0.45582534779936884,-7.724286237693181
1.9295320538169858,1.4261587520192662,45.71412749636094
0.9494208069257608,0.9361291483110824,19.88297262531761
0.0875512413851909,0.6783800988404703,10.03637364530619
-1.225435518830168,0.8326507394644783,2.97643518747678
0.8443629764015471,0.3270662091210221,9.772738595703148
-1.0002153473895647,1.6315974275322715,12.07524118311776
-1.5447710967776116,0.3777591697307179,-2.895425033425233
1.1880297923523018,0.23986710589527857,14.79425453704905
0.3169426119248496,0.15895867412564327,5.852899789539291
0.920858823780819,0.19286395555038602,11.65986580886521
0.3187276529430212,-1.1570172808158679,-1.3662664718786548
0.8568306119026912,0.7706730544633433,18.396749160921715
-0.6510255933001469,-0.13043973378332732,-6.082954549258425
-1.0342428417844647,1.821915097860406,16.856136168249563
0.681594518281627,-0.07565047058842289,7.552203184298855
-0.8034096641738411,0.4209182841756566,1.967136925954052
-0.6895497777502005,0.24660218626133443,-3.5879376749042176
-0.45553250351734315,-0.6255570351092533,-7.138919751410254
0.01747915902505673,0.9921368285185058,13.319480454305625
-0.35399391125348395,1.9050636405600176,17.583865626681796
-1.3749512934180188,-0.014777219659844777,-5.043941728082561
-0.6436184028328905,-0.3004787855854223,-8.253416962256441
-2.2234031522244266,-0.3550287310553741,-3.962821573631735
0.6252314510271875,-1.8923618933173414,-8.711069360388215
-1.6020576556067476,-0.17781314370301254,-1.9808471774019867
-1.1043833394284506,0.25099811600832395,-2.71018488713592
0.052165079260974405,1.0547579251802828,10.474500928246282
-0.7395629963913133,0.9600477411499279,3.4564892720621145
1.5430145954067358,-0.4164990824366925,13.540241525569172
-1.2928569097234486,-0.27682299477388833,-5.680192624652785
0.26705086934918293,1.123905305614439,18.013207135619112
-0.0392828182274956,-0.17346389707287913,-0.757684241459178
-1.1680934977411974,-0.5100295397556169,-9.825403998787621
0.5232766605317537,1.3925184494342724,21.094656715747288
-0.1715463312222481,1.037585667050634,12.16305614422453
0.7717905512136674,0.018791791774257802,6.146189471428994
0.8235041539637314,-0.5937774477786675,5.6513405978017595
2.16323594928069,-2.011880319244709,8.268900399341389
1.336527949436392,0.5897036055747239,23.438987067506503
-0.3691818379424436,-0.8963697225521802,-9.696341584652238
-0.2393791775759264,-1.962732009140752,-11.543217191508681
1.0996595958871132,1.584820527349018,36.294757303423154
0.6552637307225978,0.6479677910098883,13.141437679494546
0.640131526097592,-1.1390081931169653,-1.7774942308493316
-1.6169560443108344,-1.214401382959259,-6.581274268622007
-0.024326124398935636,0.8709617821716196,10.652654419548924
-0.7380309092056887,-0.8779706165358702,-10.372655754848305
0.27992459904323824,1.2961498675278833,17.50240297021465
-0.09815038964295794,0.6164593126261553,6.3775195440780745
0.9101789080925919,0.5365965205668235,13.540421552692537
0.31721821519130206,0.4046954556143003,10.007979245321671
0.7863279621089762,0.19145087202391178,7.902225711533667
-0.46641909673594306,0.8805111991771105,5.441525750347208
-0.9444462559182504,-0.45408036251560513,-8.764942044930333
-0.41004969320254847,0.08595197343438468,-5.934687646498558
-0.017020413861440594,0.7519465876771957,11.348332977869408
0.3791517355550818,0.5629897185861278,8.804391762348489
2.259308950690852,-1.1949868052686603,16.93418069393284
-0.04225715166064269,-0.500409667304264,-4.648448745434475
-0.955945000492777,0.25280350541915453,0.8093237520966756
-0.34598177569938643,-0.4080147090398969,-7.049824547359302
-0.4635959746460942,1.7746585609733332,19.38403152648664
0.4814814737734622,-0.39315319475411287,-0.38956479487771734
-1.5407970144446248,-0.16221844757669085,-5.764199472318406
0.06326199420033171,0.7694301781773039,9.79522520088777
0.1565065379653756,0.33053274323491577,6.442269350991575
0.23218103620027578,-0.14527445720476923,-0.5735352734699137
-0.5973160689653627,-0.7564935288807483,-9.40869670308673
-0.237921729736007,0.3015140573967662,-1.081848876318887
-1.4240609089825316,1.0390964403783927,6.874267133463585
-0.49331988336219407,0.4790952240982286,0.4245694330623482
-0.5428614760167177,-0.7781835214561222,-11.56181683707306
0.4160500462614255,1.7367749569767108,29.360467241149674
-1.1561824318219127,-1.4465778900358943,-12.311732520697003
0.7811981017099934,-1.582685641802789,-2.849045935813723
1.4944845444913688,0.9605572244572284,30.890132501076064
-2.0699850250135325,0.2258404786026901,0.14004903415293501
0.42625873077810095,-0.5494985463040403,-2.4498966362620633
0.6769080350302455,-1.0985707275553296,-2.1165313368510104
-0.637437025552229,2.320799839280298,22.12205376862429
-0.39727181432879766,0.11709087215544195,-0.1431479318035196
-0.13288057758695562,0.5342011708457715,7.473410182873861
-0.2977908794017283,0.3178850972381816,2.823297642530485
-0.3090129690471222,0.43480795773115793,-1.8930389651598842
-1.6760038063299767,0.5400944605248059,-1.639624918290028
1.15233156478312,0.7324240097548762,21.027031773534603
1.079618592036821,-0.3752224007606727,8.122321600151642
-0.8133642592042029,-0.2916419863518446,-5.902416351693747
-1.466424327802514,-1.7410228083589014,-9.300926175230613
0.5210648764527586,-0.7803044065015394,-0.9655875962688694
-0.5757879698130661,0.2711127964467149,1.5671955938047826
0.14195316332077967,1.0450233755026905,12.475583068614412
-0.3193284171450952,0.5990395263761841,5.254944486921541
0.6915387510701866,-0.34069234387793046,-2.1879451647088386
0.6947491436560059,-1.2631729120851543,-5.496266843829416
-0.7255973784635843,-2.7773591454274333,-9.68052048998151
-1.3833639553950554,1.151733974780799,4.912460906508796
-1.582938397335082,-0.5892289865101498,-5.641143343627679
0.6103793791072052,-0.44846500620405927,3.2364347917312446
-1.188859257784029,0.13157396790806872,-2.162574478402055
-0.5068163542986875,-1.4055600473918899,-11.295697667591416
-0.5963140384505081,-0.3497821801115369,-8.639147577958472
-0.05256729626954629,2.023471949769974,26.941635241170438
-1.936279805846507,0.5053869385773427,-2.880600344725167
0.18877859679382855,0.3592491565134564,6.361436245056319
0.5238910238342056,-1.5824944779817585,-6.77825764357253
0.08842208704466141,2.2436018945826404,28.947423927894267
-0.3108861716984717,-1.4227949086263427,-9.18354689079688
0.09740016626878341,1.9223247554443985,25.770566567125126
0.3990463456401302,-2.1150560151878075,-8.57874719774111
-2.77259275642665,1.4053654387244203,12.290596801089821
1.9559123082506942,1.6180542690002255,52.1354454234788
0.39009332268792646,-0.8244091213278346,-1.6675345761298397
-0.65240858238702,0.42258037227288275,1.3122627646535459
-0.3909533751876011,0.547480572104665,4.844842725621316
0.49374177734918845,-0.8137944832313059,-2.7039802644530027
-0.11610393903436653,-1.4491176107369304,-6.04104682247403
-2.0306844677814944,-1.3177173431407654,-3.7364952192982575
2.0644928613593194,0.5410082199598076,33.83872327781435
-0.11054065723247261,-0.08511560251940574,-3.65765062519566
1.0201727117157997,-0.5643010333021604,5.081852656584005
-0.6920498477843912,0.9667680111664602,3.21149656050577
1.5363770542457977,0.5080679093914777,22.539295744651625
0.28634368889227957,-0.7554627263656334,-3.361802535712946
0.6088438344754508,-1.2012015190173893,-5.229527377109145
-1.0452533661469547,0.5232617386880769,-1.7426630900947184
1.2111452896827009,-0.5375833685580619,7.247243983760087
0.6898181645347884,0.09920486253150243,7.451023854969656
1.3018462295649984,1.5762989726277177,37.04599177704433
-0.6280875596415789,0.5023282400747796,0.42638443745094545
-0.4810271184607877,-0.8622669997532367,-6.4075897252985285
2.303916697683942,0.16066118981977281,34.97424277595954
-1.0600158227215473,-0.9526449528153877,-9.235164666429064
-0.13594970067832082,1.6085221559487237,23.246473170249082
1.1368913626026953,-0.5615787496032209,6.523093501050132
0.0977249677148556,0.20727074697361864,4.96860565128029
0.5829536797532936,0.307732574679432,7.295998250954471
-0.3994490292628752,0.15925046837370244,-3.686595769604243
0.37005588784751875,-1.9585489551365387,-9.98695545783021
-1.3065268517353166,-1.4464210639833286,-9.614616155188303
1.658130679618188,-0.4523502755690917,13.699867713724839
-0.11816404512856976,0.31943183333153063,4.890981450565322
-0.6801782039968504,-0.13777921428577067,-4.628020372344567
0.6663830820319143,-0.9571474731510168,-1.1378998887145255
-0.4607197873885533,-1.348424319121701,-9.938043708378647
-1.3342584714027534,-0.4015575444993436,-7.086138826153106
-1.3467175057975553,-0.46847604467972315,-6.425621404817123
0.6937731526901325,0.5128364575927566,15.581593485357725
-0.1595734381462669,-0.3263184621583181,-5.19627536807175
-0.13370155966843916,0.6027076564293296,6.641414343336961
1.0777438059762627,-0.5946497697204054,3.0503958302335343
-1.1268258087567435,-0.2559576692142683,-6.593575286824711
-0.7306777528648248,-0.3480463796426194,-5.88743328142873
-0.38487980918127546,-0.7823669669020897,-6.811883144726339
0.094351589317074,0.6251186564337302,10.179001503026267
-0.042171451290578935,-0.813595997094507,-6.319896181002053
-0.2868871923899076,-0.521641509970619,-7.299778099756826
-0.0616264020956474,-0.07311964594819724,0.24172092485576502
-0.10730527629117469,-1.2973796559567399,-9.476530880265784
-0.7196043885517929,-0.3249349583204991,-5.251976076534233
-0.8129929885540773,-0.7113063597427886,-8.173792597134174
0.2745163577239395,-0.3881541924822496,-5.144391234900175
-0.8909150829955279,-0.05992800267109062,-3.2640059245385453
-1.1573552591908536,-0.7999136231406647,-6.984267734776608
-0.3122922511256933,-0.2200757798203556,-1.7866162701826256
-0.1576670161638159,1.3086687523521792,17.362411859006993
2.2567234972982093,-0.02579855825448711,28.337963445641098
-0.7047002758562337,1.1452621730192247,8.90639770250718
0.9432607249694948,0.3464944420067607,14.1028734257527
0.7471883342046318,0.7741606098188164,15.390007915005413
-1.188944955203736,-0.7744589687708259,-7.216611056466922
0.7732529774025997,0.10490716508551272,9.334240321076734
-1.1838806401933177,0.1339129226154759,-5.595804218520215
-2.659172237996741,-0.6126257388749357,1.5869744867601014
0.6063195243593807,-0.8228283242942818,-3.5380176171931437
-1.7558905834377194,-1.4902653879072982,-8.082612576386985
0.45093446180591484,1.496139636951632,19.508523471827445
-0.6840108977372166,-0.9724028893524976,-9.861408309609432
1.6595507961898721,1.3462210732223001,39.680897288589065
1.068509399316009,-0.4674931736578535,7.235036010658547
-0.45338580385138766,-0.8624932997247339,-8.04779058957381
-0.6878376110286823,0.6225191403049977,-0.9587295751001115
-1.2140774030941206,-0.6311919417468571,-5.7035830798684755
-0.4409226322925914,0.5684589189242769,2.5207351794181805
-0.2803554951845091,-0.3328117648522096,-3.3371170021368526
-0.3646935443916854,0.48042449611778676,4.213042003537084
0.15670385527236397,-0.9681860639071049,-3.126538264530233
0.5785214977288784,0.8313510579847683,18.802523436330947
0.349654456993174,0.4879726826630046,7.879110868280225
-0.764143923906443,-0.9196506900626618,-8.154861219071382
-1.4377914738015785,2.6429357210147417,24.13712951716779
1.3645318481024713,0.540123026400494,24.179367917980095
-0.6894491845499376,2.2904670705305388,22.178462482349435
-0.6522935999350191,1.6002678187487591,10.536337884223661
-0.5211893123011109,-0.1888347802177838,-2.603996812696059
-1.8430695501566485,-0.4122717546045429,-5.604982558397172
-0.4779740040404867,-0.4034591834208012,-4.025114042664401
-0.47965581400794766,-1.8300285504278102,-9.867912594690413
0.6203582983435125,-0.6958351193495473,-3.9204411873120644
0.698457149107336,0.24676602397997058,3.6007606267362737
0.00377088908626934,1.5259575608848084,16.235454824863154
0.9318483741143037,-0.7727718829782021,1.9601391437908293
0.339964983801262,0.8820565993630106,10.377224586107525
-0.01568211160255477,-1.252593341503319,-9.510633192067191
0.16092816829822298,-0.5863200252111324,-6.491739355412243
-0.19065349358139935,-0.45764059428952597,-4.411166236942028
-0.3948495140334503,0.3718110814974935,1.2145915164788925
-0.26773353689396645,0.45730964672081126,1.6673005220907682
-1.1280113314700069,0.9623417448143452,7.057494159270995
0.280441705316296,0.7708369604049367,13.752726188185989
-0.9931236109295807,0.24316821540249173,-1.0386640433778942
0.8416312640736364,0.3903649435086224,8.892046791109498
-0.24945858016094885,1.5885306910975325,14.782188905618728
0.04949498165009074,-0.5109261812322631,-2.958746276339725
0.49383677628095635,0.7747283190671621,11.869508037797319
0.6433144650629279,-1.8081439264982515,-7.290357811388792
-1.5706234086334527,0.4113342428976086,0.9524421274878179
-0.20690367616397173,-0.4832495424791074,-3.980362123744934
0.8801789120807822,0.002571182431510025,11.141386068960937
-1.6981058194322545,1.0400862450537032,3.897512781559211
0.3872804753950634,0.16464380952639762,7.5749087879427
-2.2555642294021894,0.8851875412089273,3.906105007468473
-1.0225068436356035,1.4737648151384048,13.571975388821995
0.0386305518401881,0.38909396886572056,4.321255891198091
-1.6567151023219537,1.1710410646204883,4.317970677559518
-0.9855107376841507,-0.3265609776792077,-9.329425891628127
-1.4718350074635869,-0.008209882269614045,-4.456481766212104
1.6481349322075596,-0.522619416398478,13.293518122125038
0.16422775548733395,1.042977594646376,14.850804992144234
0.5672902778526694,0.4140913537935951,9.254891198406241
-0.2226751005151545,-0.5072344618949226,-6.099476648406904
-0.35343174875719907,0.1546688336463322,1.3853293539956995
-1.6164741886510325,1.0415683888185818,4.250502048686861
-0.2918373627478628,-0.039267991037953184,-3.2672462680133822
-0.7614922118116233,-0.9489328108497634,-7.735854930791133
0.8579239242923363,0.1319117557874122,8.682259139058713
1.1411018666575734,-1.9805655910689397,-1.2882066243267605
1.4665787155741776,0.768770644399475,25.88065390782354
0.852551939461232,-0.4213275873246805,3.5471579210403807
-0.5986539369229861,-0.46931073627910674,-6.032446051015059
-1.1158969859603944,0.8756956787795067,2.6367213231196804
0.7666631816450861,-1.3651628772251687,-3.5493101270822107
0.3562928174722889,1.9470986428203578,30.999575933956017
-1.7685384506770307,-0.4802420417382233,-4.337641322976617
0.35548179274376907,-0.5232509433848951,-0.7042735935837491
0.8145198224878664,1.021224743167163,19.36154373752114
0.05892558918162996,0.7086952731104266,9.594831347289851
-0.18505367100934153,2.451229719075076,33.31738719444023
-0.8076484876163557,-0.21120598363152,-3.1582903212734
-1.4465346995633879,-0.12040663866440973,-6.007406119132142
0.8002979493400275,-1.4793159799632536,-4.12628049773021
-0.3091144447717088,-0.33210227734882514,-3.1730995173402654
-0.23346666154369272,-0.7214312955717558,-7.803471938947601
1.7327211869191332,-0.44876701310549916,15.492475826658513
0.6845011068591904,-1.7441877565539552,-1.9523603298152632
0.3708250012811021,1.660607559894514,28.604123154287556
0.14206180518723566,-1.4166034824256406,-5.603532579441145
1.5199948607657727,-2.802202798391713,1.4144755844685684
1.7195893074161945,-1.1884244215830193,6.911266572773247
0.9295051114795281,-0.603839552796151,4.295744034210333
0.5822245913979243,-1.1495540632571182,-4.667339396012423
-2.0946030712061448,1.0983035407325124,4.078974046758843
0.12372191423350658,-0.13783917859609385,-1.3426977244806033
-0.130106954193704,0.025385604406458987,-0.40548146253363504
0.09395322938556872,0.6103917643054128,5.9428217305437405
0.9430460873225178,0.28601252697811796,11.444896591250634
-2.7396771671895563,0.978567297446043,10.284212393311892
-0.5693120534701851,-1.1094775536361452,-8.984761971366588
0.26990435494076137,-0.5475181006794317,-2.048874078178276
-0.4668455460527625,0.6659671460695378,3.868581465024949
-1.4169061131262595,-2.53455446208423,-8.027486371842166
0.8689634868967954,-1.3751844793172407,-5.37747261305713
0.27687190584612803,0.5009922321799466,8.077544789808801
-0.9711045704444846,-0.48024903499492544,-7.910891975204743
0.3148172045158238,0.9361075501096976,9.246453677051907
0.8215857120497958,0.8091802968531627,16.912764833194124
0.005292646299360854,-1.1980928801910382,-10.071968308558866
0.8005648034309968,0.4066570874668812,13.565730569469535
0.07826017516166135,1.2016978556675064,15.500971988652497
-0.39522898265435435,0.1474344016509719,-0.05035601941998036
-1.159420516399913,-0.9774648772458692,-10.032982106805543
-0.08593076697161273,0.87938994191337,10.193769597805662
0.19429293804577166,0.6354245265539955,8.885865763131658
0.8758327615873309,0.5426107834987963,14.035191911225905
-0.11510746848722672,0.7159388934369917,5.63108925619133
0.4574156062209908,-2.994612860227619,-6.140656030745788
-0.9646120137337284,0.8809375610809715,2.8729509142942353
-0.7826291558275251,1.8081318105789754,16.948108281903142
-0.11038929902688775,0.436638474629293,5.54639842888813
-1.0546284639850139,0.19272899649972683,1.1753445239546538
0.8202478373246812,0.6964386733914393,19.468406997526284
0.4631303293186071,0.3382254736851153,9.273134094741131
0.2790957643924534,0.651781261700616,6.255018745125485
0.33890412521594454,0.0014710002454108063,1.3530404219356909
2.0210435614847975,-0.7667048545369003,16.48122294517289
-0.46886418796679563,-1.0043227122146134,-5.396043053916696
-2.201441285500558,-0.9981917282318641,-4.86572481864523
0.1993001968964652,-1.3730425509508952,-6.8475907286971465
-0.050603540961665895,-1.0677420110191065,-7.366277546942974
-0.5175190425104033,1.761266127419863,15.543124531869967
-0.9788298593587699,0.7540956636562427,3.2340814924413923
-0.43918952180214793,-0.6250273906846713,-5.9939892483314265
0.18133842921782128,-0.3903926939855081,-4.4938376118706325
-0.5028167006425383,0.11255753090645429,0.6096764539840915
2.4124536795437486,-0.6555450294843581,21.97058323596014
-0.960504381633148,0.06751685717432486,-4.650270683568289
-0.7931173627076716,0.777604137902912,5.253535447387977
-2.2886200400145285,-0.035742733548173485,-2.849037327745543
0.251484415021537,0.33601574266199213,6.069616264825059
-2.01640662779976,0.8864915393596159,1.4652234167978442
-0.5394546333745014,-0.2721317560182082,-5.096665763654347
-0.27567053456055696,0.28479059913436316,-3.7609472278760845
-0.7097279658468882,-0.30937759288336136,-7.295919294480965
1.738872677454511,-0.0285288698344164,17.80295223283732
0.9943943913154989,-0.32473026508296,5.7662010671919335
1.3191368763015756,-0.5288698535561153,8.028136146539477
-0.8824188185499185,0.17371185298702344,-3.871086082016877
1.1285940645145685,0.5665453158182124,20.336812925644974
0.4960009463439622,0.14630444600104425,3.9409825161776153
0.7714059486768455,0.498726958311932,14.209258067594293
1.0294388287827672,-0.7379317802412299,6.572245595276684
-0.9087632459590531,-1.2037351921997794,-9.353501812326206
-0.4243176209779015,0.41704350296760356,-0.39810314618266807
0.8625960113284511,0.6878813911747546,14.095732311665975
-2.655619092974933,0.04985726659982265,1.3369175251074417
1.5133280825732052,1.3480357804247187,38.719831436119755
0.553132064207584,0.9076987979878987,15.922249178002529
-0.045703960660234855,2.6805708407690005,39.810961487122526
0.2205076557571733,-0.20080851399566557,1.4148980909679827
-1.0299352833089765,-0.9988487960953681,-8.682367710349494
-0.34994336458910474,-0.7401367907395136,-6.182860214559094
1.1002843382203737,-0.5654978063746563,9.350038182535878
1.2980219723262212,0.4760313834381145,22.94534197797595
2.6962240525635797,-2.158068563961257,18.331578798400585
-0.07392466628041514,1.3185510180908366,16.627446638225045
-0.6585529668050037,-0.23929659114234414,-3.8610577688663135
-0.5142339659399888,-0.24679355778875178,-2.3790605311077413
-1.0180418752873648,-1.0793431660249952,-7.8603242759217515
-0.07785475594085076,-0.11422555145018021,-3.4592830775868078
0.38273243001226814,0.013239767667533552,0.008853287097731588
-0.03424228053195387,-0.12194492760027727,-0.1503362008123652
1.0963468456657985,0.3390592559424304,19.110502287459184
-0.23421580134453654,-0.5896320419510298,-7.361421905853942
-0.3474506524985633,-0.8958157604108271,-8.281034725374322
-0.5812684768603252,0.5483281304979799,-0.22792672643395706
-1.6326345262344952,0.09866745381579567,-0.4909943516748285
-1.567767724308454,0.1971810551973674,-6.9768988226295265
-1.1791579306376878,1.0590272544419663,0.6666161292279043
1.3014280716647608,-1.0225643912606857,5.167789757904421
0.8952602728899299,-0.8552404572508642,0.7409902391813836
1.3749640663929898,1.2572196508289941,32.27052403144728
-1.3322116545945017,-1.4828833575740425,-9.600342608393598
-1.9686246897860202,-1.3094121463310142,-4.280054310198966
-0.6600563201340829,0.8178618311849958,3.47790350735226
0.175818953296028,0.23820019202203863,1.470660250649777
0.4986902749098275,0.10523213705927585,3.4563753646842623
1.0479721559680528,-0.09165940810038319,11.40697494106279
0.2842796708072146,0.03126754702756948,1.4840592776230976
1.7426687806556311,-0.09211211469195592,17.405728172201137
-0.22260568094832048,1.3554427025944182,14.064752426608855
-0.9130792180417964,-0.3981481287500751,-5.419631837241554
-1.6812182154944335,-0.16137353627777917,-1.4887926817242376
-0.8889713580954499,1.7944488052250736,15.983522587463062
0.242117960985123,0.0275097020298358,0.8136886251769087
-0.8887202573536308,2.2320163895251777,23.1811104922827
0.9367424635352571,-0.10497970101895356,9.52455259233208
1.412327706037443,1.3674149824601585,35.70135041807028
-2.369586905226603,-1.6553440383096778,-1.404286278578439
0.8640523004976479,0.15364446081566638,10.50391813501957
-2.2396040586617367,-1.5844735631509355,-2.9114246663820107
0.4014990550902875,0.8444543066045863,13.498715796778118
1.2248705641936597,-1.2128678162090247,0.086265158231559
0.06485610634357618,0.2837695543833455,0.9175208345904275
-1.2796891732042395,-0.2821958766904351,-7.3754816797072555
-0.5854312042777726,-1.1582031851840289,-8.170270317773312
-0.2616454457109007,-1.6193599828975425,-9.590737976186096
-0.18224478378994294,-0.5110404635801098,-2.986366618177057
-0.20289684076666706,1.7406294458953309,19.348751972241953
-0.1098827793093138,-0.2934850548893775,-5.424840203366251
0.2134800489101689,0.917221542115856,14.249390199818553
-1.2085736537332212,-0.05704286766218815,-4.484595875195748
-0.2420198298702195,0.8767267736904524,10.051962162995697
1.5182611703557054,-1.8269113783045177,3.4246228683987496
-0.38464542314251776,-0.40318830684953333,-0.8648283660153959
-0.4438360931551978,0.9494055237932187,6.549203343605127
1.0781973037142378,-0.16325494883317873,11.068324939226544
-2.5591846663440965,-0.08645528271104713,3.196075572744429
1.1813786012882859,-0.43046191188579297,6.825724442228271
-0.6319037580051673,1.149379383367124,7.963582218569268
0.16392857245258663,0.2975143539549459,1.2568420272026355
0.09632135592119682,0.04402227617534797,-1.9869523938961173
0.9424681192203938,0.6430545453392927,17.341798925265564
-0.2675947462353477,0.5882249291179367,5.598901457645495
-0.6780257815644504,0.2125870464375366,-0.37558459662066923
1.2978457906510987,1.5470314969908445,37.543693831038865
-2.36417381714118,-0.06028753363911904,1.6945128870133632
0.02033418170524325,0.278081047967944,1.6328807886806436
-1.3479254226291204,-0.6429525533528905,-7.75632744450236
-0.761573388256559,0.1501152270061292,-0.9485299321729777
2.011256681463137,1.5877615237453675,52.7991135180168
-0.044595426455857026,-0.6432576017887388,-5.6309643940373535
0.19506969715138117,-1.1335928256384589,-3.9532960478930126
-1.7815628557055914,0.9967596428198156,1.8732725795147918
-0.7290446587946957,-0.14876615223367926,-5.623869939200313
0.19655740072878491,0.09600420496977001,1.8452228249802265
0.3547576931132181,-0.045113303693334814,4.059974777815418
0.6168865543932788,0.07912172392953508,6.28685760462313
0.008627898917576322,0.8505306835234382,6.653892745229112
0.5270042084546597,-0.8391241905992737,-1.4780647346180324
0.453781912635684,-1.0117740841054885,-2.0075226284061323
-1.8297404110045314,0.08496813703770767,-0.8175107617852155
0.03700572191014953,-1.6064396894498327,-7.914097007251261
0.7679024077327037,-1.3730535360419285,-7.299959847196027
0.5898798207345195,1.866683148331627,29.34465812971125
-0.3638588099707899,0.7574683300614039,6.227837710640203
-0.8056265075393678,-0.010056471869014538,-3.8761621742823364
-1.1183119243216322,1.2380069359584398,8.407225346824001
-0.13105401154141233,-1.040599230085145,-10.325488121332091
1.133079879559722,-0.3156031233858582,8.303755123177158
-1.951804101481602,0.6234536094243824,-1.0588203293704281
-0.659891729729498,0.8906716814313947,1.2069155196793901
-1.139802455426774,0.5129168468277764,0.48356114329843447
0.7849575212405001,-2.5412388076882246,-4.916533772465355
-0.5543096265713009,-0.968082117664578,-8.232295655498032
-0.4706376581547914,0.47706809235686526,1.6037911893748134
-0.216949569936649,-0.35595149304680634,-7.297187785475114
0.4453932508947973,2.5402316207591715,43.755534334520036
-0.39238899814963674,0.9265583009670965,6.955997307805803
-3.0461430547999266,0.5580818806186658,12.678738364934798
0.5433118913875197,-1.1169495537467236,-2.197722031515835
0.43904295767204254,-0.03529673960291556,-0.7048465002316902
-0.21954102833121325,0.24120396421895252,2.2991930015515227
-1.0840366206719345,1.1277836301278024,3.3928063584365953
0.3517801106813583,0.8811310970996323,11.417610216898032
0.37923553353558676,1.0329891945199456,14.79912267022685
-0.4700328827008748,-0.923912015810002,-8.55500560723856
-0.21673147057553863,1.4121516982986309,15.504522422426747
-0.9301565025243212,-1.3804307523072692,-12.005897607561748
-0.17858909208732915,-0.5359145616661618,-7.513230691861978
-1.550429345083481,0.43077113494564145,0.4720057888159688
0.4173188210318355,-0.14989159173313932,1.9880016947740151
-0.9443684908242939,-1.0060368579203915,-8.71631018282081
0.23810314783231212,-0.8215498256031326,-8.985852739225672
-1.4059629162678993,-1.5482543228490424,-9.05234969818978
-0.5900576458695397,0.5319746390071913,-0.14138343301383838
-0.11048940506592783,1.2605688450421493,11.666573372494673
-1.6606998118692633,-0.10039350340136602,-2.0571943543466746
0.11514787314009216,-0.4003488150134234,-4.720309864779729
-0.37914756287992274,-1.4723229284664896,-12.207548974119689
-1.7423561978092306,0.9132019242521776,2.9533475307057753
-1.3032427541123157,2.211304333239493,20.790943419647125
0.6051200840821667,-1.7974558043668976,-8.324438639384706
0.895555985551324,-1.0634329381546068,1.9293968587090409
-0.13190863977996706,-0.6795930425441441,-2.9848213482481563
0.4047618120404975,-0.564317909682489,-3.3368455353400774
0.2238435633129107,0.227345950143481,3.478325023100892
0.32962298212773805,1.6142495472802274,21.880000487275897
1.285984007080293,1.0085972868601036,24.29838095605585
-1.506998398214272,0.5275973827743159,0.5850834501771414
0.6764607323616232,-0.7239287040586021,1.1285807482141217
-0.3820089555778202,-1.1196282336804544,-4.926644951814488
-0.22425893425164034,-0.7967753063063009,-8.757663355466269
-0.30224973045507003,1.5480668013787386,18.620604075704552
-0.37514711666128386,-0.06174330145790107,-0.02085595623636305
-1.226196191783019,-0.4468362536626212,-6.203378603722994
0.18333919925760125,-0.18375573024999226,0.9348926675720186
1.6709430327888573,0.8246182196384677,33.35663371329722
-0.056133020448757114,-1.3128496745497917,-4.656388598465241
-0.001385042735095726,1.4148741359224224,17.679613123137578
-0.6872990371566635,0.15647625694629896,-2.2720651426561855
-0.11747454641811148,-0.2163439782957261,-4.315915165104033
0.46616642603403075,0.442846113746739,9.316460267445821
-0.3702424407043429,0.21839707312993703,1.7671196657881199
-0.45380404105200106,-0.34419645646738123,-4.6180234628753585
0.4032645401632468,-0.2527106720416067,-0.5996170354054797
-0.9180047698190454,-0.8688625468659522,-8.434361457929294
0.2524966270768724,0.6563907508593024,8.801120359307328
0.8203217972614217,-0.5319938094111618,3.1957919555949075
1.3599485416794843,-0.9562584224322828,2.365933210312156
-0.09038200727694681,0.16586352265353732,2.011220862938078
1.3675972398067135,1.3291412827455533,35.50595816605418
1.034409886481518,-0.048344623779819615,10.810143999182063
-0.9962126403710662,-0.6081012569516899,-7.5254359599333815
-1.217938511593151,0.4038960208359738,-4.709832310386374
-0.30496363785442043,1.936712462402552,21.856486141965867
1.0289354925948542,-1.4519055294317473,0.6611784962617064
-0.0722870075600049,0.3822027877852936,1.466135869310145
-0.6006575576577885,0.2050866252318538,-5.41724631926825
1.5522431800485608,1.1615338035591172,31.77105462221443
0.2869044880033464,0.9909091736848452,14.333902477790929
-2.3205942757907416,-0.18670911180977923,-0.0870437635469743
0.31716062629268876,-1.6845172554248828,-6.25950026473551
0.5200406145708678,0.8065637678962596,13.740149002473597
0.2256086544711038,-0.8351926901914831,-7.767192326083807
0.44971210023199254,-0.9467404109571895,-5.46185078458624
-0.06727560892298173,1.1483505806911263,13.998388874827016
-1.3183958696447342,-0.9108503776386525,-7.869910091717934
-0.37070400322045344,1.4028447401002433,14.638464689279985
-0.9456157955562914,0.335844721405313,-0.454139559945977
-0.9327409107943778,0.3191184000862824,-1.8486615259843093
-1.2630683491022754,0.30726478050559103,-2.225453678092476
0.45248909263964643,-1.6384236257417921,-3.3638189915781
0.0978961454126271,-1.7763886163465759,-8.480815194171397
-0.44816536268070806,0.2155530537886848,-0.9520791654403473
-0.6493379277303881,0.5680073592264201,2.6500672310856217
-0.02342310502145217,0.08261103215620101,1.0367742705543037
1.0791947281124892,-0.8215345170195275,-1.0835300339706881
-2.004215715498915,0.018922103882194737,-0.5835320059608762
0.37687652085089274,-0.08203415314548415,5.919440263840018
-0.5457119740177824,-0.9571580982754103,-10.224593242921781
-1.8845858449794477,1.0139721541121614,7.731155312065864
-1.9457030831639588,-1.7302760615500858,-5.62794663354897
-0.9127834941352918,0.5887424068075064,1.6141076598018937
0.21950955579304526,0.3843234052112453,7.744885186156169
0.3930629339800916,1.0097118548117143,13.695136446539736
-0.9389815726777853,-1.0053118723488588,-6.581388285531245
1.0170209914132446,0.101407146668211,8.933205000586032
1.4229834965161061,2.171164949318166,49.43268387220348
0.3960865849565602,0.6620742889997063,9.416050025889685
-0.5914026678081108,0.10058120872896319,-0.9600405479692389
1.1244191845103682,0.5391612741141966,17.628468764273286
0.7553956956633383,0.08617684238012002,4.880328630897626
0.867407411354918,2.19089801323984,41.01492566401421
-0.6564636749715315,0.9836361957891795,4.625508409392167
-2.8345545052747023,-0.08561495423049709,5.454289196044348
2.1167910214836754,0.25233143138452124,31.040070729152802
-1.6108784034499337,-0.39079799608101357,-5.302492693494427
-0.03576807186022113,1.209850126410305,12.672094429510627
2.3807453512197503,-1.4061047713910109,19.141104195166104
0.330576756274374,-1.604738529860987,-8.078555043701813
0.9492464735582357,1.4587147496759936,30.151819200013197
-1.5023965693817127,2.1531197925705827,13.248281475716215
-1.7776669547337063,0.4683049076895917,0.21951530073608244
-0.5327027919795545,0.11273794123573726,-1.1298258840948057
1.0907497344345,0.6572676903047773,19.01913294420389
-0.34624944764730997,-0.6470535263827593,-5.263336503977442
-0.7946363210714987,0.1712435451522125,-0.8632116127881935
0.19796728994496746,0.03890870585621503,4.48038338657423
1.0819352184772653,0.6265642507453606,19.07496883280265
-1.4449401990733717,-1.5579985281833963,-12.343464785227615
-1.2105429941233516,-0.5070347697653375,-11.470126470332673
-0.7886692545093662,0.8449956030008372,0.8417823539347866
1.0946383747120914,-0.675593827630063,4.53480174710148
0.2348215259487319,-0.9933613754231354,-5.93868045020725
2.1321534105704436,2.042072149826954,64.54257695306384
0.9364457258311158,0.03811800017940036,8.352778870165974
-0.03509517686967038,-0.5789181399432078,-6.214289931730177
1.265077838088766,-1.6923704374741084,0.981847350147733
0.21149701273187801,0.7293463462804262,10.863039320211165
-0.7049213525074449,0.6991361537186938,2.3271287013586135
0.6799748442451024,-0.29875960056993595,3.1533481266637136
-0.6963266538610828,-1.1022301909070906,-8.566269873169139
-0.29039710080386677,-0.024549423642379036,-0.9765824283099649
1.327782695957983,-0.8358560674816213,3.9504738138946687
-0.10128148621739935,-0.9420935888731159,-8.630272658798962
-0.8031413873416283,-0.10321275146170758,-6.889793692725236
-0.46433769143549164,-1.0513903986600646,-9.892618260788108
1.021790585588673,0.24664895525244618,14.75492845256803
-0.5525406734167292,0.6079925094063973,3.68002379379654
-0.38687084685064654,-0.8396324471731914,-9.952352792355127
-0.5102927396336285,-1.3682450953383907,-8.93992518324444
0.18392549434030994,1.561279598955807,21.061673040388307
-0.3854897603756083,-0.9402702359572048,-9.209761465203655
-1.601836048972537,-0.6599427051023377,-9.282331036957881
-0.8871809418450403,0.21301716742988736,-2.5687056737821874
-0.9327890415064383,0.599369372522297,2.4352921866797823
1.2433193844551549,-0.2563168936896428,6.20174680147897
0.8126740421090424,0.46079432770125556,12.198552147356347
0.587259379399826,-0.400986157896401,5.895742401601016
-0.5053583172644099,-0.9711706648243907,-7.298686414313927
-0.8157915419939713,1.4263168607870274,11.384128575362926
-0.507517601657357,2.488441614331128,28.000530822143364
-1.051880102551674,1.6959695330141693,12.047972755151909
2.497200391587007,0.14180663915345446,38.0465725247804
-2.245321648371402,1.8334353618156785,17.603468124794954
0.5640085350738091,0.35570351572398445,9.689176271575679
-1.2845522979925272,-0.47728627040322935,-8.399732777560402
-0.10434349149469264,0.46637957438197886,6.19094081489038
-0.9880019424937344,-0.09439250641118496,-5.217951204443432
-1.1776289624826308,-0.9831181837457077,-5.287803889360683
-1.1401963009349616,-0.898321971432016,-9.636843578245193
1.7549861537420586,0.8020517387405159,30.838519785912375
-0.13298842230959199,-1.846531981664673,-9.83689440552437
-0.7657021944780863,0.6041367404426842,3.605653568585641
0.555786964082873,-1.6295836027484383,-4.2744738442490515
0.010349314566299353,-2.121176444902436,-9.744564367624193
0.7200337593416528,-1.8388466037584985,-7.815580252202513
-1.82425665593783,1.9667639719347398,14.464691261932186
0.3036039044620014,-0.196233964943542,-3.4430553554474965
0.7726948371023817,0.08658318016541909,6.301839386684398
-1.6615982911145637,1.4192550459109512,8.380026641511279
0.44819528442331247,0.9341797484997248,15.508399568882236
1.6961815728281606,-1.3915052694042196,6.4539933628810005
-0.014857703354702717,0.8690063428187611,9.088278476785943
0.8214059370248112,0.1841812647035463,9.009645837312846
0.6705704503109099,-0.3416780975958806,4.245184441904505
-0.7075056975105769,0.024290914137780388,-5.0636464194384505
0.03976673458649517,1.279812020628022,16.854140841767137
-1.5669947108616025,-0.8859664820409529,-3.307999620449548
-0.4513030371025261,0.40088567910412115,1.9650292645575096
0.2656879749662359,-0.009657236532908346,0.9255426768428787
0.7231004937377982,-1.7971646153956184,-6.756155330219189
0.024612125247911617,-0.8022531717308108,-3.378771962328119
0.7199837301431654,0.19321355323369646,6.433643137223235
-1.1029062129553697,1.2973420890928906,6.2018325058156805
-0.1016972745548716,1.0013310173467296,7.8038906752696375
0.019279384513077216,0.597212504403425,3.690308964031047
1.8495912466796365,-0.8152756611364586,12.096483831496496
-0.21416665620008424,1.801213990808535,22.14639500367526
-0.4990166379941829,0.21524046763961147,1.2735054557341319
0.02135122384354861,-1.0063655216785503,-8.318040793240522
-0.9191134448699437,-0.182904980856951,-4.727832957965529
0.19275384906521617,0.8962484253561593,12.997321408185652
-0.36505521654625767,0.007617498318158107,-1.8913502538180471
-1.7913275480411837,0.886864686582761,1.5548946365296588
-0.05858655113386085,1.1036939574621503,8.899590899394394
-0.31754309393019925,0.40053068459870617,3.771808612643577
-1.6324233020679833,-0.857702623046894,-5.887935310541345
-0.06713415461452177,0.13545466318998053,1.9350943203090134
1.4893559620744803,0.045165855938831004,15.409850164203947
0.5213037482757137,1.8593463338516283,30.52137642704578
0.6119271927311578,-1.62632193782683,-4.672578393667522
-1.3414967255830426,-0.13482245109435406,-4.178889117391628
0.4768983689222224,-0.5840935467949193,-2.601079586186115
0.14844958138007808,0.3351056201959989,6.469814637637274
0.5290452383344316,-2.437564359199356,-11.14608349245607
0.42262862170882565,1.11492455949028,18.814561699133268
-1.3597807255038137,0.013748487335533657,-1.7226177543370658
-0.04140081155796743,-1.8447011636280461,-6.783724420201173
-0.757870860425166,-0.3611131347398661,-6.708834256455531
-0.05008409428482209,0.6089623416545242,3.819409243710976
-0.8974009269018305,-1.5914478754580315,-8.679345094301807
1.3124703671409963,0.003222216443155699,12.994076246225015
-0.8589723884443423,-1.05747364780153,-9.175395472579444
-0.898942156465536,-0.5559850318789673,-7.889258336090288
0.07458640654355353,0.02673838267463693,-1.0192857348492361
-1.0770990694039948,0.1834502535815763,-2.0940952590421342
-0.4246633024328657,-0.47074249818272723,-8.609329545552935
-0.8299645975379619,0.27279638953026414,-0.40763656521731817
1.4111720638896117,0.8179776072548057,24.927149545745557
0.7858038268311726,-0.2789142751032398,1.0966411179855386
-0.057469518465394644,1.4315677574492909,16.325745975857593
-0.39121705217401626,1.4622141707804195,14.875882550545851
0.9409176145751134,-0.42870206558582885,6.098776050359177
0.40520408032288807,-0.6378405564735843,-0.4780879854087394
0.4980524046828567,-1.6641729851661735,-11.573049504691998
-0.026192237344250482,-0.12656933163938985,-3.2920305488134245
-1.6882300277714322,-0.3634377801160514,-4.833576559162647
-0.11246598255955272,0.7790512201329916,10.338759540160058
-0.5324899192090677,-1.5096616060682988,-8.730342856580759
0.6450552734598769,-0.27739139174310984,6.865859817996388
1.011842432994189,0.9687443931111454,21.66055781647312
-0.6579510447611686,-0.7303570955579599,-7.303417048672959
0.46838523427705164,-0.7623615367276093,-4.676112171286016
1.7358789976857132,-1.4469403347558085,6.523659204241402
-0.667712720570559,2.6205738460182393,29.013338545747374
1.6819217400731377,-0.7474731780653794,10.867848005716935
-0.852585847170647,-1.3003468322183391,-10.67829440289822
0.022959755607951444,-0.80385040403152,-5.811480289634486
-0.011145611841841251,-0.7742950804868045,-5.7855512760827335
0.011498899870062375,-0.2693897784512403,-1.1177658204194516
-0.8376780419079453,0.8253722320875148,3.9293804884516566
-0.5911831037644297,-0.2983231689958337,-5.932068458220099
-0.6677202863593994,-0.9228233149968279,-9.75147634240241
0.3269625954044574,-1.4513384981910251,-7.803158071519665
0.33003511451031164,0.02185735821987137,1.9510401527492762
2.225944331738259,0.04253907402979072,32.00388696985958
1.3709890062911214,1.5309323510288246,39.630487722878314
-0.5098432421384791,0.09244773546980858,0.513861856042336
0.32486961579618606,-0.09900831128407737,0.059503498250131015
0.9971179807917595,-1.0506538365874896,1.557913894360675
0.030601824338517807,-0.3059525750983919,-5.1574217312421995
-0.06964157844693558,-0.43847445803460605,-3.227270079159233
0.05157494276988904,-0.37016416451370254,-0.5612677667070796
0.8672766288084278,-0.9592553926405882,-0.4285726323795259
-0.8483205228052325,0.5383296032761768,2.8771834151457507
-0.32566946882017417,-0.14244541750936937,-5.387287330340528
0.47043314484648185,-0.2003534800049874,0.26825935754851793
0.3114470715541555,-1.7140461160489964,-8.418668504529442
0.23958275985639133,0.4936440875248639,9.060402708399883
-0.3698011663038032,0.48701532598037944,1.4840997491805834
0.9725357891425369,-0.8391294028422137,0.9620668375465219
2.1338682472045374,0.9901213838791937,41.71135243137751
0.4064154936762062,-1.3647582300824324,-5.92082059212275
-0.1931767015498399,-0.021869908789079875,1.0656820054103264
0.7557402888945426,-0.2712073398901639,5.7012885498357
-0.53913263675299,-1.3171747888057943,-8.473045565375816
-0.7496903447028966,0.18970261207999575,-2.4808132864480354
0.0328087476137118,1.7025701522417913,20.338611762152567
-2.5827966329699446,0.06763423006691976,3.5559166692608346
-1.1539503636520094,-0.46302175410905094,-6.816479625873685
-0.34796185592084583,0.44702415688567826,1.6920667917499777
-1.3533888581477134,0.10571999546715494,-1.494583691961451
-1.0326431018921296,0.027762131625501486,-4.230957379833663
-0.4367483374580074,-0.42554221277144805,-7.256541407509391
-1.6429652935306092,1.4219755592924648,10.584920834935856
-0.4060717962598319,0.4563633634807854,1.9667928470723859
-0.5352701645328445,-0.5286706589354886,-8.594494730306897
0.025405208385016018,-0.10800383678095793,-3.0002316506782707
1.1541840304940192,-0.7408667042040726,4.986307865379729
0.1725044164928659,-0.608291150081495,1.0271736355315606
0.021062021342063624,-0.640725724190199,-5.609338799657219
0.09945445703071175,-1.1343115937222275,-7.807796399395652
0.22739277512112846,0.7772769637679554,13.351720205991972
-1.016738648609769,-0.29104146327302577,-5.988597195772728
-0.11477532477079817,0.5541275783267697,1.813221731168849
0.3087512418366131,-0.6701258977272965,-6.245152272389497
-1.3707599825430605,-0.06036249439233865,-1.8755333455556311
0.8656529228158533,-0.7110405967911112,3.0211078402944507
1.0813760344581897,0.7196681705373317,21.79932795273924
-0.6313759884493888,-0.24841930670503823,-5.137895605347929
-0.24133779145310455,-0.7308735859513859,-8.1247918455367
-0.8781903428100731,-1.6417032288097841,-10.769498030221607
0.6993804835878171,0.2756665493407744,9.653699648425802
-1.0612222874459092,-0.7083850523381071,-9.594938788424347
-0.2224770102429203,-0.015779217120995174,-0.4204451529432509
-0.8589199078076716,-0.4917301080135276,-9.415661883953414
0.050954277011289496,0.9541895808987649,10.204853246099018
-1.794229271489721,0.544144752358008,0.22700429967361296
1.3264616423656934,0.4472120874548315,18.79301878565875
-0.964606424206264,-0.6161211233234792,-11.969109864030033
0.05989468311627605,0.4662900435501895,6.013084019410441
-0.2125230447703092,1.714831608676043,17.722232200227545
-0.7621145119224981,-0.832186034150062,-5.7770950869518956
-0.8877801366359354,0.17233913922918878,-3.229509517065694
0.9363985435524596,-1.649216974417132,-4.389170932929104
-0.5256405931019397,1.3985620921255355,12.36118250619527
0.2711701846373109,-0.3979120985908414,0.7453259914345378
-0.8014968853943748,0.7825788808419775,2.2034985138107275
-0.6471814318477607,-1.723228250716323,-8.583803611004242
0.47224715008784873,1.7975393871259047,31.193305331101293
0.9304084961111163,-0.35687152802559846,7.46928322240687
-0.17531640232701995,0.5456573234700275,7.432930071304927
-1.4219198716404369,0.1508182063325938,-0.32862538482311043
1.9979560797500047,-0.2554707861877694,25.801397384442204
-0.8565493082342095,1.6857923026593036,17.381831271507007
-1.5415873996717875,-1.6480462063661798,-7.564586334999833
2.594424587768152,0.29871365999200894,41.9125039097112
-0.40403229385093714,0.9106456722299703,2.2555145670782526
-1.4617326882614081,-0.029856121636366265,-6.647246681925473
-0.6834397667886818,-0.1181707843665918,-5.153457385480077
0.36754489602226903,-0.14268771207346503,0.8662537265477536
0.1903115575939397,-1.227636420410408,-7.366564777697318
-0.85172919725359,0.03812738409493465,-5.506192045716754
1.8227236001279594,0.5127175234723987,26.54377483487091
-0.5215796779933731,0.06859922748066052,-2.5401231680121343
-1.184686590411552,-0.2722761011450806,-6.118287705965561
0.9606933984606597,-0.48972502237302673,3.0097259252723134
1.3290628465396823,-0.27929666927837216,10.018297335467802
-0.8174930976162265,1.2577442174960383,6.829264584906443
-1.4013472930393105,-2.0866349794205425,-8.934579002339914
1.0304382674156047,0.040071456547775455,9.13230816348767
-2.0473236130579617,-0.32775491729641676,-0.6298196197077428
-1.2266216593966155,1.4558079518368434,10.179017954721221
0.967446150050235,0.05549222544380277,8.248303656929965
-0.05535254802238957,1.484925598699954,16.670777939251067
-0.26393734859268786,-2.123890018045559,-12.971188625676842
0.35281660649437835,0.4595849048340562,9.7504905953132
-0.15277442354540868,0.28005786003768013,4.360786751836331
-1.2986867221630902,1.390533967073938,11.243197648659393
1.2760753460061875,-1.6413486088230291,-2.044808930265368
1.3250140528868153,-0.1550358081183258,12.60145173341597
0.2053325637779597,0.06606026178649259,1.3910698989487364
0.045134015432010274,-0.4957954945452093,-2.5692120311885898
2.339624806020058,1.2165777137429403,50.385079620292565
-0.2764328450158372,-0.3386821854453976,-5.689050613076976
-0.25957698183403943,2.0347625440211536,23.095692776393644
0.36448124924050557,1.0541779089389227,15.735124896275735
1.4713219561423383,0.9508336970037996,31.34551370698508
1.5927707544174836,0.5592989813908843,25.543687578589587
-0.25857263167677125,-1.063695591025548,-7.041777415074844
0.30833124595934525,-0.4310963375107571,0.3136560321013777
-1.3780834670640771,0.5727513668572158,-0.14342043722614284
-0.31197610791621294,0.6775570335877171,2.210255411944887
-0.8402903954793065,1.3071838450812574,6.879136162100059
-1.0068317522989838,-0.46744100962590635,-5.6519357735142925
1.6815767162673276,-0.8601533849246632,10.14720831717624
-0.7922866618061449,0.8591041927855306,0.75863336252156
-0.5316059080114549,-0.8096265760401127,-6.762366352304257
0.3658487879168582,0.8733118360704122,13.245740367445821
1.2978252669735855,1.1997361764150378,28.116349197955735
0.4811151263888354,0.45615303582705535,11.38151389924872
2.759355114021582,-0.3575790319685979,38.895018887728696
-0.07466797825114957,0.04108222614387957,0.1385210561190039
0.25871644022974605,0.5934659196032391,5.815854587599877
0.27560067398405635,0.010185518712073464,-0.5500977237453948
1.4350493867891545,2.1982963386704926,51.368317220251484
0.5072389511096153,-0.9906709306271492,-7.063478418322146
-0.1162297003871491,-1.002668587369791,-6.7431682817214735
-0.9474885949068795,-0.9768953867353252,-11.793077691343665
0.24444345596163258,-0.5895799225452156,-2.6790607807069593
1.4013448312919596,-2.1789315201949093,-1.097314467328586
-0.4103817936578706,-0.6296504269401813,-5.301002748712868
0.5289436184165822,-0.653284701927889,-3.051047869208872
0.24614778868484416,0.07851402517417629,3.2098668596871014
0.8635196583813146,0.41780058320608143,10.322833761505537
-0.8047537406378693,-1.2402163364077703,-8.188827765350156
2.3466470305265617,0.9000542427640723,46.66176523567049
-1.2791611070282582,1.8022422297905472,15.051950848146156
-0.3655510899860373,-0.20828510309499634,-6.4345483919723065
0.9380925409056455,1.5743712374755716,32.2853117366368
0.29673317249411335,0.19898949440518773,4.94188338239113
0.8299861590811032,1.9887319185953911,37.71386646034575
-0.49610233398256237,1.1172834656881903,9.334526171996938
-0.07480498268034107,-1.5639046348397663,-9.843345869607168
0.012231983638817386,0.018627370661355457,2.7374671835889623
1.5692596145359043,1.0543249749040777,33.08189483063681
0.690429024383049,0.030546581040616888,5.103707391915587
0.7966721083646714,-0.036883530845066945,6.975312568078505
-0.6579260925367952,1.269764750314304,7.773746764955307
0.9688826385630508,-0.709854182146104,1.91395381972659
0.22558166356880352,0.017515613278218337,1.5433961887026793
1.3891453156779274,0.3236257646091187,18.77530867506219
2.014060154918468,-0.33379096035356415,22.54069417353612
-0.30676577602700456,-0.020129103877537476,1.8584763415394026
-0.40630313044506255,0.7750232632241703,6.339767198068534
-0.8640449911023695,0.43283762149999394,1.8582606458429005
-0.14357951171632055,-0.8087175319795337,-7.688809386234194
-0.3820254489503836,-1.1041239857992617,-10.065709786140916
0.35950439957101016,-0.7891021802566502,-4.276021588421109
-0.14456681693373594,0.0012484557884866053,0.7673874184979032
-0.3615992807816198,-0.15993978775704282,-7.707798196303006
1.0645851361278518,-0.8319574932171248,0.9111008782531407
-0.9378802311514517,-0.5981504525164858,-7.267431116055627
0.43310795315134365,-1.5200392851920637,-7.22967848153012
-0.4059417271884834,0.41785370321732596,5.358871587133525
0.7243685048699644,-0.04001872535163292,7.12513301821102
1.3852615467222305,-1.2597873434052702,2.475068881303887
-0.3030982534240727,0.02862050418778282,-4.759423102813929
0.44103290727315136,1.3426220105103532,19.862787155065277
0.17879286573317985,-0.7399358529652597,-7.087992485614572
-0.7994223995430966,1.3151376657209723,10.447485156873354
0.24078750974193844,-0.3234574724834238,-0.6759757307333969
0.28912050527881217,0.19782816784986781,4.887797239187927
0.4128708204461747,0.09775080242218528,8.539420584379657
-0.19839889682004574,1.4015234160052454,12.900487242260745
0.09419230031014657,0.1584338467855317,1.8071079405281
-1.1476109448431353,-1.1419014192038466,-11.555593397963118
-0.35811407547985674,-1.3109703704412123,-9.705751312726164
